{
    "Baseline_ANN": {
        "test_accuracy": 0.815,
        "test_loss": 0.46,
        "history_acc": [
            0.6219319083435926,
            0.6352614246702042,
            0.6571994786934965,
            0.6815324616894596,
            0.715264688853251,
            0.7443919541126145,
            0.7764212620836737,
            0.7997089451192243,
            0.8278213679975013,
            0.8450676058320259
        ],
        "history_val_acc": [
            0.5947895367018171,
            0.6307899680562552,
            0.6638596229562836,
            0.6795807188778126,
            0.7052262629647336,
            0.7390608590619933,
            0.7698466049948085,
            0.7918312662558603,
            0.818489359630509,
            0.8546727372858343
        ],
        "history_loss": [
            0.8598680294869453,
            0.814384321789226,
            0.7717975525497504,
            0.7280662343340225,
            0.679418802873255,
            0.6292661485941926,
            0.5816762131363393,
            0.539177193536116,
            0.48946551356064216,
            0.44157902154326517
        ],
        "history_val_loss": [
            0.8968378135714958,
            0.8520126006318538,
            0.8088472268189248,
            0.7697946543045174,
            0.7299101068475582,
            0.67579232837415,
            0.6266903449182706,
            0.5877386676969425,
            0.5345134303415789,
            0.48041422417826457
        ]
    },
    "Simple_CNN": {
        "test_accuracy": 0.885,
        "test_loss": 0.32,
        "history_acc": [
            0.7292128046554721,
            0.7604731784404359,
            0.7881340314809249,
            0.8183660229176196,
            0.851469709952378,
            0.8698965251861721,
            0.8836892630471256,
            0.9029261501339807,
            0.9161726620193275,
            0.9444116918683164
        ],
        "history_val_acc": [
            0.7089444754233358,
            0.7382736552185583,
            0.751292098836243,
            0.7712169003732584,
            0.7979083582333443,
            0.8210692483692046,
            0.8481876439673687,
            0.8712451137184045,
            0.8896673409869565,
            0.9245167012403577
        ],
        "history_loss": [
            0.7421676535063274,
            0.6828402627768819,
            0.6237156862949396,
            0.5744269954034531,
            0.5221948626548131,
            0.4773915054194122,
            0.434472395466819,
            0.38681444982890173,
            0.3444240736386434,
            0.2897914056713775
        ],
        "history_val_loss": [
            0.7909687319926655,
            0.7322610339666306,
            0.6888726771845487,
            0.6398986679011232,
            0.583380956736756,
            0.5261633617335425,
            0.4701894032788153,
            0.424962785499434,
            0.3759742720617921,
            0.32035357631326083
        ]
    },
    "Tuned_CNN": {
        "test_accuracy": 0.918,
        "test_loss": 0.24,
        "history_acc": [
            0.7641171187440251,
            0.7904444704800964,
            0.8075585850221235,
            0.8327589525131803,
            0.8552486856813053,
            0.8706109587612664,
            0.9020792272397133,
            0.9297110763046686,
            0.9606968936739276,
            0.9696893637263915
        ],
        "history_val_acc": [
            0.7508315207551842,
            0.7630176326914423,
            0.7786007565925284,
            0.8069139153433184,
            0.8270567734274797,
            0.840876359543823,
            0.8707098750698241,
            0.8971094043313695,
            0.905185902484576,
            0.9300514394217508
        ],
        "history_loss": [
            0.6474982396534437,
            0.602923299700683,
            0.5604480313348701,
            0.5088424374934086,
            0.4590847723401801,
            0.40393358257534395,
            0.3520228670882579,
            0.3069388418814517,
            0.252962799554405,
            0.20356293521027366
        ],
        "history_val_loss": [
            0.6938732164751612,
            0.6343141376151483,
            0.5878848703715146,
            0.5410620910919828,
            0.4859763313434669,
            0.44391489718314087,
            0.3983440062794109,
            0.3549531181385499,
            0.3005706847061861,
            0.24595254504298197
        ]
    }
}